# Real (joint angles, controller get_coords) pairs read from the myCobot 280 Arduino on 2026-09-24.
# Source: probe_arm.py / jog_joint.py / move_joints.py outputs, as logged in NOTES.md. Angles in deg; x,y,z in mm; rx,ry,rz in deg.
label,j1,j2,j3,j4,j5,j6,x,y,z,rx,ry,rz
rest_1354,88.06,-138.33,150.38,-151.96,104.15,-13.71,21.1,108.9,94.2,75.19,51.98,-114.61
after_hand_1516,92.19,-134.29,131.48,-149.23,100.89,-17.66,12.0,126.6,89.6,82.8,44.95,-102.55
on_table_1530,94.65,-84.63,-36.56,-46.31,139.21,-37.88,12.9,245.6,28.3,76.54,45.31,-143.53
j2up_1530,94.65,-83.93,-36.82,-46.31,139.21,-38.05,12.9,246.3,30.6,75.96,45.71,-143.97
lifted_1534,95.53,-76.02,-36.56,-47.46,138.33,-38.75,7.5,256.7,64.6,66.66,49.93,-149.3
upright_j5_43_1546,95.18,-0.61,-0.61,-0.87,42.62,-1.31,27.8,44.3,409.4,-91.55,0.11,47.82
upright_j5_89_1546,95.18,-0.61,-0.61,-0.61,88.85,-1.31,15.3,7.9,410.7,-90.03,0.52,94.04
